Workbook

Sheet Sales
A1: receipt_number | B1: sale_date | C1: sku | D1: product_name_auto | E1: quantity | F1: unit_price_jpy | G1: customer_email
D2: =IF(C2="","",IFERROR(INDEX(Products!$B:$B,MATCH(C2,Products!$A:$A,0)),"unknown SKU"))
D3: =IF(C3="","",IFERROR(INDEX(Products!$B:$B,MATCH(C3,Products!$A:$A,0)),"unknown SKU"))
D4: =IF(C4="","",IFERROR(INDEX(Products!$B:$B,MATCH(C4,Products!$A:$A,0)),"unknown SKU"))
D5: =IF(C5="","",IFERROR(INDEX(Products!$B:$B,MATCH(C5,Products!$A:$A,0)),"unknown SKU"))
D6: =IF(C6="","",IFERROR(INDEX(Products!$B:$B,MATCH(C6,Products!$A:$A,0)),"unknown SKU"))
D7: =IF(C7="","",IFERROR(INDEX(Products!$B:$B,MATCH(C7,Products!$A:$A,0)),"unknown SKU"))
D8: =IF(C8="","",IFERROR(INDEX(Products!$B:$B,MATCH(C8,Products!$A:$A,0)),"unknown SKU"))
D9: =IF(C9="","",IFERROR(INDEX(Products!$B:$B,MATCH(C9,Products!$A:$A,0)),"unknown SKU"))
D10: =IF(C10="","",IFERROR(INDEX(Products!$B:$B,MATCH(C10,Products!$A:$A,0)),"unknown SKU"))
D11: =IF(C11="","",IFERROR(INDEX(Products!$B:$B,MATCH(C11,Products!$A:$A,0)),"unknown SKU"))
D12: =IF(C12="","",IFERROR(INDEX(Products!$B:$B,MATCH(C12,Products!$A:$A,0)),"unknown SKU"))
D13: =IF(C13="","",IFERROR(INDEX(Products!$B:$B,MATCH(C13,Products!$A:$A,0)),"unknown SKU"))
... D2001: =IF(C2001="","",IFERROR(INDEX(Products!$B:$B,MATCH(C2001,Products!$A:$A,0)),"unknown SKU"))

Sheet Products
A1: sku | B1: name | C1: maker | D1: category | E1: price_jpy
A2: NP-0001 | B2: 【新里 義和】001_琉球藍 海花 ビアカップ | C2: 新里義和 | D2: Tableware & Dining | E2: 5830
A3: NP-0002 | B3: 【新里 義和】002_琉球藍 海花 ビアカップ | C3: 新里義和 | D3: Tableware & Dining | E3: 5830
A4: NP-0003 | B4: 【新里 義和】003_琉球藍 海花 ビアカップ | C4: 新里義和 | D4: Tableware & Dining | E4: 5830
A5: NP-0004 | B5: 【新里 義和】004_琉球藍 海花 ビアカップ | C5: 新里義和 | D5: Tableware & Dining | E5: 5830
A6: NP-0005 | B6: 【新里 義和】005_琉球藍 海花 ビアカップ | C6: 新里義和 | D6: Tableware & Dining | E6: 5830
A7: NP-0006 | B7: 【新里 義和】006_琉球藍 海花 ビアカップ | C7: 新里義和 | D7: Tableware & Dining | E7: 5830
A8: NP-0007 | B8: 【新里 義和】007_琉球藍 海花 ビアカップ | C8: 新里義和 | D8: Tableware & Dining | E8: 5830
A9: NP-0008 | B9: 【新里 義和】008_琉球藍 海花 ビアカップ | C9: 新里義和 | D9: Tableware & Dining | E9: 5830
A10: NP-0009 | B10: 【新里 義和】009_琉球藍 海花 高台杯 | C10: 新里義和 | D10: Tableware & Dining | E10: 17600
A11: NP-0010 | B11: 01 煌｜きらめき｜タンブラー | C11: 仁秀 | D11: Tableware & Dining | E11: 2208
A12: NP-0011 | B12: 【新里 義和】010_琉球藍 海花 高台杯 | C12: 新里義和 | D12: Tableware & Dining | E12: 16500
A13: NP-0012 | B13: 【新里 義和】011_琉球藍 海花 高台杯 | C13: 新里義和 | D13: Tableware & Dining | E13: 14300
... A855: NP-0854 | B855: 【阿南 維也】白磁鎬7寸皿 | C855: 阿南維也 | D855: Tableware & Dining | E855: 6600

Sheet Instructions
A1: Offline sales template
A3: One row per product sold. A receipt with several products uses several rows with the same receipt_number.
A4: receipt_number: required, must be unique for each sale (for example R-2026-0001).
A5: sale_date: required, the day of the sale (yyyy-mm-dd).
A6: sku: required, choose from the dropdown. The product name appears next to it so you can check it.
A7: quantity: required, a whole number of 1 or more.
A8: unit_price_jpy: optional. Leave empty to use the catalog price. Fill it in when you gave a discount.
A9: customer_email: optional. Leave empty for walk-in customers.
A11: Do not rename the columns or the sheets. Do not change column D (product_name_auto).
A12: Rows that fail the checks are not loaded. They are listed with a reason in the load report.
